demand_id,sku,day_index,quantity
D0001,SKU_001,0,32
D0002,SKU_001,1,33
D0003,SKU_001,2,38
D0004,SKU_001,3,30
D0005,SKU_001,4,30
D0006,SKU_001,5,29
D0007,SKU_001,6,19
D0008,SKU_001,7,36
D0009,SKU_001,8,27
D0010,SKU_001,9,32
D0011,SKU_001,10,36
D0012,SKU_001,11,35
D0013,SKU_001,12,28
D0014,SKU_001,13,37
D0015,SKU_001,14,36
D0016,SKU_001,15,31
D0017,SKU_001,16,36
D0018,SKU_001,17,32
D0019,SKU_001,18,31
D0020,SKU_001,19,23
D0021,SKU_001,20,47
D0022,SKU_001,21,27
D0023,SKU_001,22,33
D0024,SKU_001,23,22
D0025,SKU_001,24,29
D0026,SKU_001,25,25
D0027,SKU_001,26,34
D0028,SKU_001,27,23
D0029,SKU_001,28,33
D0030,SKU_001,29,24
D0031,SKU_002,0,30
D0032,SKU_002,1,30
D0033,SKU_002,2,30
D0034,SKU_002,3,24
D0035,SKU_002,4,21
D0036,SKU_002,5,29
D0037,SKU_002,6,32
D0038,SKU_002,7,30
D0039,SKU_002,8,32
D0040,SKU_002,9,20
D0041,SKU_002,10,30
D0042,SKU_002,11,30
D0043,SKU_002,12,36
D0044,SKU_002,13,21
D0045,SKU_002,14,35
D0046,SKU_002,15,38
D0047,SKU_002,16,30
D0048,SKU_002,17,33
D0049,SKU_002,18,39
D0050,SKU_002,19,28
D0051,SKU_002,20,26
D0052,SKU_002,21,28
D0053,SKU_002,22,27
D0054,SKU_002,23,14
D0055,SKU_002,24,27
D0056,SKU_002,25,28
D0057,SKU_002,26,26
D0058,SKU_002,27,20
D0059,SKU_002,28,28
D0060,SKU_002,29,17
D0061,SKU_003,0,86
D0062,SKU_003,1,87
D0063,SKU_003,2,45
D0064,SKU_003,3,94
D0065,SKU_003,4,64
D0066,SKU_003,5,57
D0067,SKU_003,6,43
D0068,SKU_003,7,44
D0069,SKU_003,8,60
D0070,SKU_003,9,69
D0071,SKU_003,10,56
D0072,SKU_003,11,49
D0073,SKU_003,12,72
D0074,SKU_003,13,85
D0075,SKU_003,14,58
D0076,SKU_003,15,47
D0077,SKU_003,16,28
D0078,SKU_003,17,71
D0079,SKU_003,18,81
D0080,SKU_003,19,64
D0081,SKU_003,20,81
D0082,SKU_003,21,65
D0083,SKU_003,22,72
D0084,SKU_003,23,62
D0085,SKU_003,24,87
D0086,SKU_003,25,50
D0087,SKU_003,26,71
D0088,SKU_003,27,60
D0089,SKU_003,28,93
D0090,SKU_003,29,90
D0091,SKU_004,0,60
D0092,SKU_004,1,55
D0093,SKU_004,2,48
D0094,SKU_004,3,49
D0095,SKU_004,4,41
D0096,SKU_004,5,39
D0097,SKU_004,6,31
D0098,SKU_004,7,56
D0099,SKU_004,8,47
D0100,SKU_004,9,45
D0101,SKU_004,10,62
D0102,SKU_004,11,35
D0103,SKU_004,12,33
D0104,SKU_004,13,52
D0105,SKU_004,14,32
D0106,SKU_004,15,49
D0107,SKU_004,16,60
D0108,SKU_004,17,50
D0109,SKU_004,18,52
D0110,SKU_004,19,56
D0111,SKU_004,20,38
D0112,SKU_004,21,58
D0113,SKU_004,22,54
D0114,SKU_004,23,37
D0115,SKU_004,24,54
D0116,SKU_004,25,35
D0117,SKU_004,26,55
D0118,SKU_004,27,57
D0119,SKU_004,28,54
D0120,SKU_004,29,52
D0121,SKU_005,0,41
D0122,SKU_005,1,53
D0123,SKU_005,2,47
D0124,SKU_005,3,64
D0125,SKU_005,4,54
D0126,SKU_005,5,51
D0127,SKU_005,6,72
D0128,SKU_005,7,40
D0129,SKU_005,8,42
D0130,SKU_005,9,62
D0131,SKU_005,10,53
D0132,SKU_005,11,53
D0133,SKU_005,12,45
D0134,SKU_005,13,42
D0135,SKU_005,14,36
D0136,SKU_005,15,37
D0137,SKU_005,16,50
D0138,SKU_005,17,47
D0139,SKU_005,18,47
D0140,SKU_005,19,42
D0141,SKU_005,20,42
D0142,SKU_005,21,39
D0143,SKU_005,22,57
D0144,SKU_005,23,53
D0145,SKU_005,24,41
D0146,SKU_005,25,62
D0147,SKU_005,26,58
D0148,SKU_005,27,57
D0149,SKU_005,28,32
D0150,SKU_005,29,36
D0151,SKU_006,0,72
D0152,SKU_006,1,82
D0153,SKU_006,2,47
D0154,SKU_006,3,86
D0155,SKU_006,4,90
D0156,SKU_006,5,54
D0157,SKU_006,6,70
D0158,SKU_006,7,61
D0159,SKU_006,8,86
D0160,SKU_006,9,81
D0161,SKU_006,10,68
D0162,SKU_006,11,79
D0163,SKU_006,12,81
D0164,SKU_006,13,81
D0165,SKU_006,14,47
D0166,SKU_006,15,73
D0167,SKU_006,16,48
D0168,SKU_006,17,83
D0169,SKU_006,18,86
D0170,SKU_006,19,93
D0171,SKU_006,20,95
D0172,SKU_006,21,57
D0173,SKU_006,22,62
D0174,SKU_006,23,74
D0175,SKU_006,24,61
D0176,SKU_006,25,66
D0177,SKU_006,26,73
D0178,SKU_006,27,81
D0179,SKU_006,28,67
D0180,SKU_006,29,70
D0181,SKU_007,0,46
D0182,SKU_007,1,38
D0183,SKU_007,2,39
D0184,SKU_007,3,43
D0185,SKU_007,4,42
D0186,SKU_007,5,22
D0187,SKU_007,6,41
D0188,SKU_007,7,36
D0189,SKU_007,8,32
D0190,SKU_007,9,48
D0191,SKU_007,10,41
D0192,SKU_007,11,32
D0193,SKU_007,12,51
D0194,SKU_007,13,57
D0195,SKU_007,14,37
D0196,SKU_007,15,55
D0197,SKU_007,16,48
D0198,SKU_007,17,34
D0199,SKU_007,18,56
D0200,SKU_007,19,35
D0201,SKU_007,20,51
D0202,SKU_007,21,34
D0203,SKU_007,22,45
D0204,SKU_007,23,49
D0205,SKU_007,24,51
D0206,SKU_007,25,47
D0207,SKU_007,26,53
D0208,SKU_007,27,42
D0209,SKU_007,28,40
D0210,SKU_007,29,34
D0211,SKU_008,0,67
D0212,SKU_008,1,82
D0213,SKU_008,2,80
D0214,SKU_008,3,78
D0215,SKU_008,4,81
D0216,SKU_008,5,55
D0217,SKU_008,6,74
D0218,SKU_008,7,80
D0219,SKU_008,8,70
D0220,SKU_008,9,52
D0221,SKU_008,10,78
D0222,SKU_008,11,82
D0223,SKU_008,12,55
D0224,SKU_008,13,80
D0225,SKU_008,14,44
D0226,SKU_008,15,92
D0227,SKU_008,16,48
D0228,SKU_008,17,76
D0229,SKU_008,18,55
D0230,SKU_008,19,69
D0231,SKU_008,20,56
D0232,SKU_008,21,62
D0233,SKU_008,22,67
D0234,SKU_008,23,62
D0235,SKU_008,24,64
D0236,SKU_008,25,75
D0237,SKU_008,26,78
D0238,SKU_008,27,61
D0239,SKU_008,28,79
D0240,SKU_008,29,51
D0241,SKU_009,0,27
D0242,SKU_009,1,31
D0243,SKU_009,2,35
D0244,SKU_009,3,35
D0245,SKU_009,4,36
D0246,SKU_009,5,36
D0247,SKU_009,6,26
D0248,SKU_009,7,33
D0249,SKU_009,8,31
D0250,SKU_009,9,24
D0251,SKU_009,10,24
D0252,SKU_009,11,40
D0253,SKU_009,12,31
D0254,SKU_009,13,41
D0255,SKU_009,14,29
D0256,SKU_009,15,46
D0257,SKU_009,16,31
D0258,SKU_009,17,49
D0259,SKU_009,18,23
D0260,SKU_009,19,33
D0261,SKU_009,20,34
D0262,SKU_009,21,33
D0263,SKU_009,22,36
D0264,SKU_009,23,35
D0265,SKU_009,24,39
D0266,SKU_009,25,31
D0267,SKU_009,26,27
D0268,SKU_009,27,23
D0269,SKU_009,28,32
D0270,SKU_009,29,25
D0271,SKU_010,0,92
D0272,SKU_010,1,73
D0273,SKU_010,2,74
D0274,SKU_010,3,34
D0275,SKU_010,4,49
D0276,SKU_010,5,78
D0277,SKU_010,6,103
D0278,SKU_010,7,85
D0279,SKU_010,8,63
D0280,SKU_010,9,93
D0281,SKU_010,10,83
D0282,SKU_010,11,65
D0283,SKU_010,12,69
D0284,SKU_010,13,87
D0285,SKU_010,14,24
D0286,SKU_010,15,82
D0287,SKU_010,16,78
D0288,SKU_010,17,58
D0289,SKU_010,18,56
D0290,SKU_010,19,60
D0291,SKU_010,20,81
D0292,SKU_010,21,66
D0293,SKU_010,22,66
D0294,SKU_010,23,79
D0295,SKU_010,24,71
D0296,SKU_010,25,92
D0297,SKU_010,26,108
D0298,SKU_010,27,57
D0299,SKU_010,28,102
D0300,SKU_010,29,64
D0301,SKU_011,0,51
D0302,SKU_011,1,34
D0303,SKU_011,2,51
D0304,SKU_011,3,39
D0305,SKU_011,4,41
D0306,SKU_011,5,32
D0307,SKU_011,6,35
D0308,SKU_011,7,55
D0309,SKU_011,8,35
D0310,SKU_011,9,37
D0311,SKU_011,10,49
D0312,SKU_011,11,47
D0313,SKU_011,12,28
D0314,SKU_011,13,45
D0315,SKU_011,14,35
D0316,SKU_011,15,44
D0317,SKU_011,16,45
D0318,SKU_011,17,39
D0319,SKU_011,18,36
D0320,SKU_011,19,31
D0321,SKU_011,20,56
D0322,SKU_011,21,39
D0323,SKU_011,22,48
D0324,SKU_011,23,29
D0325,SKU_011,24,47
D0326,SKU_011,25,27
D0327,SKU_011,26,36
D0328,SKU_011,27,49
D0329,SKU_011,28,36
D0330,SKU_011,29,22
D0331,SKU_012,0,34
D0332,SKU_012,1,24
D0333,SKU_012,2,31
D0334,SKU_012,3,42
D0335,SKU_012,4,27
D0336,SKU_012,5,29
D0337,SKU_012,6,31
D0338,SKU_012,7,31
D0339,SKU_012,8,41
D0340,SKU_012,9,28
D0341,SKU_012,10,24
D0342,SKU_012,11,28
D0343,SKU_012,12,15
D0344,SKU_012,13,30
D0345,SKU_012,14,32
D0346,SKU_012,15,29
D0347,SKU_012,16,28
D0348,SKU_012,17,35
D0349,SKU_012,18,34
D0350,SKU_012,19,26
D0351,SKU_012,20,27
D0352,SKU_012,21,32
D0353,SKU_012,22,29
D0354,SKU_012,23,32
D0355,SKU_012,24,29
D0356,SKU_012,25,33
D0357,SKU_012,26,38
D0358,SKU_012,27,31
D0359,SKU_012,28,34
D0360,SKU_012,29,27
D0361,SKU_013,0,36
D0362,SKU_013,1,61
D0363,SKU_013,2,42
D0364,SKU_013,3,58
D0365,SKU_013,4,38
D0366,SKU_013,5,50
D0367,SKU_013,6,60
D0368,SKU_013,7,42
D0369,SKU_013,8,41
D0370,SKU_013,9,46
D0371,SKU_013,10,34
D0372,SKU_013,11,52
D0373,SKU_013,12,53
D0374,SKU_013,13,46
D0375,SKU_013,14,48
D0376,SKU_013,15,40
D0377,SKU_013,16,66
D0378,SKU_013,17,40
D0379,SKU_013,18,54
D0380,SKU_013,19,45
D0381,SKU_013,20,45
D0382,SKU_013,21,52
D0383,SKU_013,22,43
D0384,SKU_013,23,48
D0385,SKU_013,24,55
D0386,SKU_013,25,42
D0387,SKU_013,26,54
D0388,SKU_013,27,47
D0389,SKU_013,28,47
D0390,SKU_013,29,40
D0391,SKU_014,0,50
D0392,SKU_014,1,58
D0393,SKU_014,2,70
D0394,SKU_014,3,54
D0395,SKU_014,4,66
D0396,SKU_014,5,68
D0397,SKU_014,6,44
D0398,SKU_014,7,62
D0399,SKU_014,8,43
D0400,SKU_014,9,63
D0401,SKU_014,10,53
D0402,SKU_014,11,77
D0403,SKU_014,12,62
D0404,SKU_014,13,57
D0405,SKU_014,14,50
D0406,SKU_014,15,60
D0407,SKU_014,16,71
D0408,SKU_014,17,64
D0409,SKU_014,18,49
D0410,SKU_014,19,60
D0411,SKU_014,20,45
D0412,SKU_014,21,52
D0413,SKU_014,22,43
D0414,SKU_014,23,52
D0415,SKU_014,24,60
D0416,SKU_014,25,45
D0417,SKU_014,26,40
D0418,SKU_014,27,48
D0419,SKU_014,28,58
D0420,SKU_014,29,64
D0421,SKU_015,0,64
D0422,SKU_015,1,71
D0423,SKU_015,2,52
D0424,SKU_015,3,46
D0425,SKU_015,4,66
D0426,SKU_015,5,65
D0427,SKU_015,6,52
D0428,SKU_015,7,63
D0429,SKU_015,8,62
D0430,SKU_015,9,63
D0431,SKU_015,10,73
D0432,SKU_015,11,68
D0433,SKU_015,12,51
D0434,SKU_015,13,65
D0435,SKU_015,14,42
D0436,SKU_015,15,50
D0437,SKU_015,16,68
D0438,SKU_015,17,54
D0439,SKU_015,18,73
D0440,SKU_015,19,75
D0441,SKU_015,20,94
D0442,SKU_015,21,72
D0443,SKU_015,22,52
D0444,SKU_015,23,62
D0445,SKU_015,24,78
D0446,SKU_015,25,39
D0447,SKU_015,26,60
D0448,SKU_015,27,54
D0449,SKU_015,28,43
D0450,SKU_015,29,47
D0451,SKU_016,0,20
D0452,SKU_016,1,23
D0453,SKU_016,2,32
D0454,SKU_016,3,25
D0455,SKU_016,4,18
D0456,SKU_016,5,22
D0457,SKU_016,6,20
D0458,SKU_016,7,21
D0459,SKU_016,8,27
D0460,SKU_016,9,25
D0461,SKU_016,10,25
D0462,SKU_016,11,17
D0463,SKU_016,12,23
D0464,SKU_016,13,16
D0465,SKU_016,14,17
D0466,SKU_016,15,22
D0467,SKU_016,16,16
D0468,SKU_016,17,19
D0469,SKU_016,18,21
D0470,SKU_016,19,26
D0471,SKU_016,20,17
D0472,SKU_016,21,24
D0473,SKU_016,22,23
D0474,SKU_016,23,26
D0475,SKU_016,24,24
D0476,SKU_016,25,23
D0477,SKU_016,26,24
D0478,SKU_016,27,17
D0479,SKU_016,28,17
D0480,SKU_016,29,21
D0481,SKU_017,0,51
D0482,SKU_017,1,35
D0483,SKU_017,2,75
D0484,SKU_017,3,67
D0485,SKU_017,4,71
D0486,SKU_017,5,40
D0487,SKU_017,6,65
D0488,SKU_017,7,47
D0489,SKU_017,8,59
D0490,SKU_017,9,53
D0491,SKU_017,10,66
D0492,SKU_017,11,66
D0493,SKU_017,12,46
D0494,SKU_017,13,49
D0495,SKU_017,14,47
D0496,SKU_017,15,55
D0497,SKU_017,16,75
D0498,SKU_017,17,53
D0499,SKU_017,18,62
D0500,SKU_017,19,31
D0501,SKU_017,20,50
D0502,SKU_017,21,53
D0503,SKU_017,22,63
D0504,SKU_017,23,52
D0505,SKU_017,24,66
D0506,SKU_017,25,67
D0507,SKU_017,26,52
D0508,SKU_017,27,54
D0509,SKU_017,28,52
D0510,SKU_017,29,68
D0511,SKU_018,0,66
D0512,SKU_018,1,83
D0513,SKU_018,2,56
D0514,SKU_018,3,55
D0515,SKU_018,4,60
D0516,SKU_018,5,58
D0517,SKU_018,6,52
D0518,SKU_018,7,56
D0519,SKU_018,8,58
D0520,SKU_018,9,51
D0521,SKU_018,10,53
D0522,SKU_018,11,52
D0523,SKU_018,12,75
D0524,SKU_018,13,75
D0525,SKU_018,14,58
D0526,SKU_018,15,57
D0527,SKU_018,16,63
D0528,SKU_018,17,70
D0529,SKU_018,18,78
D0530,SKU_018,19,28
D0531,SKU_018,20,66
D0532,SKU_018,21,69
D0533,SKU_018,22,44
D0534,SKU_018,23,70
D0535,SKU_018,24,50
D0536,SKU_018,25,50
D0537,SKU_018,26,52
D0538,SKU_018,27,63
D0539,SKU_018,28,76
D0540,SKU_018,29,57
D0541,SKU_019,0,65
D0542,SKU_019,1,61
D0543,SKU_019,2,62
D0544,SKU_019,3,49
D0545,SKU_019,4,23
D0546,SKU_019,5,49
D0547,SKU_019,6,56
D0548,SKU_019,7,75
D0549,SKU_019,8,60
D0550,SKU_019,9,61
D0551,SKU_019,10,37
D0552,SKU_019,11,74
D0553,SKU_019,12,77
D0554,SKU_019,13,64
D0555,SKU_019,14,70
D0556,SKU_019,15,49
D0557,SKU_019,16,49
D0558,SKU_019,17,47
D0559,SKU_019,18,27
D0560,SKU_019,19,53
D0561,SKU_019,20,64
D0562,SKU_019,21,60
D0563,SKU_019,22,57
D0564,SKU_019,23,61
D0565,SKU_019,24,60
D0566,SKU_019,25,55
D0567,SKU_019,26,37
D0568,SKU_019,27,40
D0569,SKU_019,28,58
D0570,SKU_019,29,48
D0571,SKU_020,0,23
D0572,SKU_020,1,20
D0573,SKU_020,2,23
D0574,SKU_020,3,21
D0575,SKU_020,4,22
D0576,SKU_020,5,18
D0577,SKU_020,6,26
D0578,SKU_020,7,16
D0579,SKU_020,8,14
D0580,SKU_020,9,20
D0581,SKU_020,10,17
D0582,SKU_020,11,23
D0583,SKU_020,12,21
D0584,SKU_020,13,22
D0585,SKU_020,14,24
D0586,SKU_020,15,11
D0587,SKU_020,16,25
D0588,SKU_020,17,19
D0589,SKU_020,18,18
D0590,SKU_020,19,21
D0591,SKU_020,20,18
D0592,SKU_020,21,23
D0593,SKU_020,22,21
D0594,SKU_020,23,25
D0595,SKU_020,24,18
D0596,SKU_020,25,16
D0597,SKU_020,26,21
D0598,SKU_020,27,17
D0599,SKU_020,28,20
D0600,SKU_020,29,20
D0601,SKU_021,0,34
D0602,SKU_021,1,32
D0603,SKU_021,2,22
D0604,SKU_021,3,36
D0605,SKU_021,4,26
D0606,SKU_021,5,25
D0607,SKU_021,6,37
D0608,SKU_021,7,36
D0609,SKU_021,8,26
D0610,SKU_021,9,26
D0611,SKU_021,10,22
D0612,SKU_021,11,25
D0613,SKU_021,12,24
D0614,SKU_021,13,29
D0615,SKU_021,14,23
D0616,SKU_021,15,27
D0617,SKU_021,16,31
D0618,SKU_021,17,23
D0619,SKU_021,18,29
D0620,SKU_021,19,33
D0621,SKU_021,20,31
D0622,SKU_021,21,22
D0623,SKU_021,22,26
D0624,SKU_021,23,32
D0625,SKU_021,24,38
D0626,SKU_021,25,34
D0627,SKU_021,26,17
D0628,SKU_021,27,29
D0629,SKU_021,28,27
D0630,SKU_021,29,31
D0631,SKU_022,0,55
D0632,SKU_022,1,44
D0633,SKU_022,2,30
D0634,SKU_022,3,35
D0635,SKU_022,4,39
D0636,SKU_022,5,45
D0637,SKU_022,6,45
D0638,SKU_022,7,59
D0639,SKU_022,8,52
D0640,SKU_022,9,36
D0641,SKU_022,10,54
D0642,SKU_022,11,39
D0643,SKU_022,12,51
D0644,SKU_022,13,53
D0645,SKU_022,14,47
D0646,SKU_022,15,42
D0647,SKU_022,16,45
D0648,SKU_022,17,54
D0649,SKU_022,18,49
D0650,SKU_022,19,33
D0651,SKU_022,20,47
D0652,SKU_022,21,36
D0653,SKU_022,22,69
D0654,SKU_022,23,44
D0655,SKU_022,24,62
D0656,SKU_022,25,30
D0657,SKU_022,26,40
D0658,SKU_022,27,59
D0659,SKU_022,28,44
D0660,SKU_022,29,40
D0661,SKU_023,0,56
D0662,SKU_023,1,56
D0663,SKU_023,2,49
D0664,SKU_023,3,42
D0665,SKU_023,4,62
D0666,SKU_023,5,46
D0667,SKU_023,6,52
D0668,SKU_023,7,44
D0669,SKU_023,8,68
D0670,SKU_023,9,65
D0671,SKU_023,10,57
D0672,SKU_023,11,65
D0673,SKU_023,12,27
D0674,SKU_023,13,59
D0675,SKU_023,14,60
D0676,SKU_023,15,66
D0677,SKU_023,16,48
D0678,SKU_023,17,42
D0679,SKU_023,18,62
D0680,SKU_023,19,48
D0681,SKU_023,20,75
D0682,SKU_023,21,63
D0683,SKU_023,22,56
D0684,SKU_023,23,52
D0685,SKU_023,24,48
D0686,SKU_023,25,49
D0687,SKU_023,26,44
D0688,SKU_023,27,53
D0689,SKU_023,28,54
D0690,SKU_023,29,37
D0691,SKU_024,0,94
D0692,SKU_024,1,94
D0693,SKU_024,2,52
D0694,SKU_024,3,80
D0695,SKU_024,4,78
D0696,SKU_024,5,84
D0697,SKU_024,6,79
D0698,SKU_024,7,100
D0699,SKU_024,8,50
D0700,SKU_024,9,64
D0701,SKU_024,10,70
D0702,SKU_024,11,80
D0703,SKU_024,12,70
D0704,SKU_024,13,89
D0705,SKU_024,14,60
D0706,SKU_024,15,91
D0707,SKU_024,16,79
D0708,SKU_024,17,74
D0709,SKU_024,18,54
D0710,SKU_024,19,80
D0711,SKU_024,20,71
D0712,SKU_024,21,56
D0713,SKU_024,22,67
D0714,SKU_024,23,103
D0715,SKU_024,24,43
D0716,SKU_024,25,62
D0717,SKU_024,26,72
D0718,SKU_024,27,54
D0719,SKU_024,28,86
D0720,SKU_024,29,53
D0721,SKU_025,0,44
D0722,SKU_025,1,44
D0723,SKU_025,2,48
D0724,SKU_025,3,52
D0725,SKU_025,4,53
D0726,SKU_025,5,31
D0727,SKU_025,6,66
D0728,SKU_025,7,72
D0729,SKU_025,8,57
D0730,SKU_025,9,69
D0731,SKU_025,10,42
D0732,SKU_025,11,50
D0733,SKU_025,12,55
D0734,SKU_025,13,57
D0735,SKU_025,14,68
D0736,SKU_025,15,53
D0737,SKU_025,16,46
D0738,SKU_025,17,61
D0739,SKU_025,18,55
D0740,SKU_025,19,49
D0741,SKU_025,20,44
D0742,SKU_025,21,63
D0743,SKU_025,22,47
D0744,SKU_025,23,70
D0745,SKU_025,24,28
D0746,SKU_025,25,75
D0747,SKU_025,26,64
D0748,SKU_025,27,69
D0749,SKU_025,28,46
D0750,SKU_025,29,37
D0751,SKU_026,0,17
D0752,SKU_026,1,23
D0753,SKU_026,2,19
D0754,SKU_026,3,12
D0755,SKU_026,4,10
D0756,SKU_026,5,14
D0757,SKU_026,6,18
D0758,SKU_026,7,19
D0759,SKU_026,8,20
D0760,SKU_026,9,15
D0761,SKU_026,10,6
D0762,SKU_026,11,21
D0763,SKU_026,12,14
D0764,SKU_026,13,22
D0765,SKU_026,14,23
D0766,SKU_026,15,16
D0767,SKU_026,16,17
D0768,SKU_026,17,11
D0769,SKU_026,18,16
D0770,SKU_026,19,18
D0771,SKU_026,20,13
D0772,SKU_026,21,18
D0773,SKU_026,22,19
D0774,SKU_026,23,18
D0775,SKU_026,24,17
D0776,SKU_026,25,18
D0777,SKU_026,26,22
D0778,SKU_026,27,19
D0779,SKU_026,28,13
D0780,SKU_026,29,17
D0781,SKU_027,0,39
D0782,SKU_027,1,53
D0783,SKU_027,2,53
D0784,SKU_027,3,38
D0785,SKU_027,4,35
D0786,SKU_027,5,43
D0787,SKU_027,6,30
D0788,SKU_027,7,31
D0789,SKU_027,8,30
D0790,SKU_027,9,32
D0791,SKU_027,10,48
D0792,SKU_027,11,43
D0793,SKU_027,12,43
D0794,SKU_027,13,29
D0795,SKU_027,14,43
D0796,SKU_027,15,40
D0797,SKU_027,16,60
D0798,SKU_027,17,53
D0799,SKU_027,18,27
D0800,SKU_027,19,45
D0801,SKU_027,20,43
D0802,SKU_027,21,30
D0803,SKU_027,22,44
D0804,SKU_027,23,59
D0805,SKU_027,24,53
D0806,SKU_027,25,33
D0807,SKU_027,26,48
D0808,SKU_027,27,50
D0809,SKU_027,28,27
D0810,SKU_027,29,52
D0811,SKU_028,0,36
D0812,SKU_028,1,52
D0813,SKU_028,2,48
D0814,SKU_028,3,30
D0815,SKU_028,4,65
D0816,SKU_028,5,34
D0817,SKU_028,6,44
D0818,SKU_028,7,48
D0819,SKU_028,8,57
D0820,SKU_028,9,54
D0821,SKU_028,10,52
D0822,SKU_028,11,37
D0823,SKU_028,12,42
D0824,SKU_028,13,56
D0825,SKU_028,14,44
D0826,SKU_028,15,44
D0827,SKU_028,16,57
D0828,SKU_028,17,51
D0829,SKU_028,18,36
D0830,SKU_028,19,51
D0831,SKU_028,20,58
D0832,SKU_028,21,38
D0833,SKU_028,22,47
D0834,SKU_028,23,34
D0835,SKU_028,24,22
D0836,SKU_028,25,48
D0837,SKU_028,26,33
D0838,SKU_028,27,46
D0839,SKU_028,28,41
D0840,SKU_028,29,43
D0841,SKU_029,0,52
D0842,SKU_029,1,46
D0843,SKU_029,2,52
D0844,SKU_029,3,33
D0845,SKU_029,4,51
D0846,SKU_029,5,58
D0847,SKU_029,6,53
D0848,SKU_029,7,49
D0849,SKU_029,8,37
D0850,SKU_029,9,35
D0851,SKU_029,10,48
D0852,SKU_029,11,54
D0853,SKU_029,12,53
D0854,SKU_029,13,36
D0855,SKU_029,14,21
D0856,SKU_029,15,40
D0857,SKU_029,16,59
D0858,SKU_029,17,45
D0859,SKU_029,18,43
D0860,SKU_029,19,37
D0861,SKU_029,20,59
D0862,SKU_029,21,58
D0863,SKU_029,22,40
D0864,SKU_029,23,28
D0865,SKU_029,24,54
D0866,SKU_029,25,56
D0867,SKU_029,26,41
D0868,SKU_029,27,62
D0869,SKU_029,28,59
D0870,SKU_029,29,31
D0871,SKU_030,0,43
D0872,SKU_030,1,50
D0873,SKU_030,2,56
D0874,SKU_030,3,45
D0875,SKU_030,4,38
D0876,SKU_030,5,48
D0877,SKU_030,6,33
D0878,SKU_030,7,44
D0879,SKU_030,8,36
D0880,SKU_030,9,50
D0881,SKU_030,10,49
D0882,SKU_030,11,47
D0883,SKU_030,12,26
D0884,SKU_030,13,43
D0885,SKU_030,14,43
D0886,SKU_030,15,30
D0887,SKU_030,16,42
D0888,SKU_030,17,47
D0889,SKU_030,18,42
D0890,SKU_030,19,49
D0891,SKU_030,20,48
D0892,SKU_030,21,42
D0893,SKU_030,22,47
D0894,SKU_030,23,39
D0895,SKU_030,24,45
D0896,SKU_030,25,32
D0897,SKU_030,26,51
D0898,SKU_030,27,45
D0899,SKU_030,28,53
D0900,SKU_030,29,41
D0901,SKU_031,0,55
D0902,SKU_031,1,45
D0903,SKU_031,2,62
D0904,SKU_031,3,51
D0905,SKU_031,4,52
D0906,SKU_031,5,50
D0907,SKU_031,6,41
D0908,SKU_031,7,56
D0909,SKU_031,8,33
D0910,SKU_031,9,49
D0911,SKU_031,10,50
D0912,SKU_031,11,62
D0913,SKU_031,12,60
D0914,SKU_031,13,38
D0915,SKU_031,14,47
D0916,SKU_031,15,55
D0917,SKU_031,16,35
D0918,SKU_031,17,55
D0919,SKU_031,18,48
D0920,SKU_031,19,59
D0921,SKU_031,20,49
D0922,SKU_031,21,49
D0923,SKU_031,22,32
D0924,SKU_031,23,45
D0925,SKU_031,24,68
D0926,SKU_031,25,64
D0927,SKU_031,26,53
D0928,SKU_031,27,29
D0929,SKU_031,28,48
D0930,SKU_031,29,52
D0931,SKU_032,0,63
D0932,SKU_032,1,65
D0933,SKU_032,2,84
D0934,SKU_032,3,63
D0935,SKU_032,4,71
D0936,SKU_032,5,100
D0937,SKU_032,6,49
D0938,SKU_032,7,76
D0939,SKU_032,8,69
D0940,SKU_032,9,82
D0941,SKU_032,10,61
D0942,SKU_032,11,74
D0943,SKU_032,12,72
D0944,SKU_032,13,37
D0945,SKU_032,14,80
D0946,SKU_032,15,65
D0947,SKU_032,16,78
D0948,SKU_032,17,107
D0949,SKU_032,18,43
D0950,SKU_032,19,78
D0951,SKU_032,20,31
D0952,SKU_032,21,80
D0953,SKU_032,22,58
D0954,SKU_032,23,69
D0955,SKU_032,24,71
D0956,SKU_032,25,69
D0957,SKU_032,26,79
D0958,SKU_032,27,65
D0959,SKU_032,28,73
D0960,SKU_032,29,60
D0961,SKU_033,0,71
D0962,SKU_033,1,53
D0963,SKU_033,2,51
D0964,SKU_033,3,69
D0965,SKU_033,4,43
D0966,SKU_033,5,62
D0967,SKU_033,6,47
D0968,SKU_033,7,51
D0969,SKU_033,8,54
D0970,SKU_033,9,62
D0971,SKU_033,10,47
D0972,SKU_033,11,60
D0973,SKU_033,12,52
D0974,SKU_033,13,59
D0975,SKU_033,14,53
D0976,SKU_033,15,47
D0977,SKU_033,16,68
D0978,SKU_033,17,59
D0979,SKU_033,18,54
D0980,SKU_033,19,50
D0981,SKU_033,20,60
D0982,SKU_033,21,45
D0983,SKU_033,22,63
D0984,SKU_033,23,59
D0985,SKU_033,24,78
D0986,SKU_033,25,69
D0987,SKU_033,26,73
D0988,SKU_033,27,73
D0989,SKU_033,28,54
D0990,SKU_033,29,68
D0991,SKU_034,0,27
D0992,SKU_034,1,34
D0993,SKU_034,2,23
D0994,SKU_034,3,25
D0995,SKU_034,4,23
D0996,SKU_034,5,26
D0997,SKU_034,6,28
D0998,SKU_034,7,26
D0999,SKU_034,8,29
D1000,SKU_034,9,31
D1001,SKU_034,10,33
D1002,SKU_034,11,33
D1003,SKU_034,12,25
D1004,SKU_034,13,29
D1005,SKU_034,14,32
D1006,SKU_034,15,28
D1007,SKU_034,16,30
D1008,SKU_034,17,23
D1009,SKU_034,18,29
D1010,SKU_034,19,24
D1011,SKU_034,20,21
D1012,SKU_034,21,38
D1013,SKU_034,22,26
D1014,SKU_034,23,42
D1015,SKU_034,24,27
D1016,SKU_034,25,27
D1017,SKU_034,26,34
D1018,SKU_034,27,28
D1019,SKU_034,28,33
D1020,SKU_034,29,29
D1021,SKU_035,0,34
D1022,SKU_035,1,38
D1023,SKU_035,2,33
D1024,SKU_035,3,51
D1025,SKU_035,4,39
D1026,SKU_035,5,40
D1027,SKU_035,6,41
D1028,SKU_035,7,38
D1029,SKU_035,8,31
D1030,SKU_035,9,41
D1031,SKU_035,10,28
D1032,SKU_035,11,32
D1033,SKU_035,12,45
D1034,SKU_035,13,29
D1035,SKU_035,14,30
D1036,SKU_035,15,37
D1037,SKU_035,16,30
D1038,SKU_035,17,39
D1039,SKU_035,18,44
D1040,SKU_035,19,48
D1041,SKU_035,20,29
D1042,SKU_035,21,32
D1043,SKU_035,22,36
D1044,SKU_035,23,40
D1045,SKU_035,24,30
D1046,SKU_035,25,30
D1047,SKU_035,26,32
D1048,SKU_035,27,33
D1049,SKU_035,28,32
D1050,SKU_035,29,43
D1051,SKU_036,0,41
D1052,SKU_036,1,32
D1053,SKU_036,2,40
D1054,SKU_036,3,38
D1055,SKU_036,4,40
D1056,SKU_036,5,49
D1057,SKU_036,6,40
D1058,SKU_036,7,41
D1059,SKU_036,8,34
D1060,SKU_036,9,34
D1061,SKU_036,10,35
D1062,SKU_036,11,37
D1063,SKU_036,12,42
D1064,SKU_036,13,35
D1065,SKU_036,14,29
D1066,SKU_036,15,35
D1067,SKU_036,16,37
D1068,SKU_036,17,31
D1069,SKU_036,18,25
D1070,SKU_036,19,36
D1071,SKU_036,20,49
D1072,SKU_036,21,49
D1073,SKU_036,22,36
D1074,SKU_036,23,36
D1075,SKU_036,24,35
D1076,SKU_036,25,30
D1077,SKU_036,26,50
D1078,SKU_036,27,40
D1079,SKU_036,28,28
D1080,SKU_036,29,33
D1081,SKU_037,0,22
D1082,SKU_037,1,11
D1083,SKU_037,2,19
D1084,SKU_037,3,23
D1085,SKU_037,4,22
D1086,SKU_037,5,15
D1087,SKU_037,6,21
D1088,SKU_037,7,21
D1089,SKU_037,8,30
D1090,SKU_037,9,28
D1091,SKU_037,10,18
D1092,SKU_037,11,18
D1093,SKU_037,12,20
D1094,SKU_037,13,23
D1095,SKU_037,14,17
D1096,SKU_037,15,17
D1097,SKU_037,16,15
D1098,SKU_037,17,24
D1099,SKU_037,18,19
D1100,SKU_037,19,21
D1101,SKU_037,20,26
D1102,SKU_037,21,24
D1103,SKU_037,22,18
D1104,SKU_037,23,15
D1105,SKU_037,24,24
D1106,SKU_037,25,21
D1107,SKU_037,26,17
D1108,SKU_037,27,24
D1109,SKU_037,28,23
D1110,SKU_037,29,12
D1111,SKU_038,0,35
D1112,SKU_038,1,38
D1113,SKU_038,2,45
D1114,SKU_038,3,27
D1115,SKU_038,4,37
D1116,SKU_038,5,29
D1117,SKU_038,6,41
D1118,SKU_038,7,57
D1119,SKU_038,8,49
D1120,SKU_038,9,49
D1121,SKU_038,10,54
D1122,SKU_038,11,28
D1123,SKU_038,12,36
D1124,SKU_038,13,41
D1125,SKU_038,14,45
D1126,SKU_038,15,34
D1127,SKU_038,16,50
D1128,SKU_038,17,34
D1129,SKU_038,18,38
D1130,SKU_038,19,59
D1131,SKU_038,20,40
D1132,SKU_038,21,44
D1133,SKU_038,22,33
D1134,SKU_038,23,44
D1135,SKU_038,24,49
D1136,SKU_038,25,32
D1137,SKU_038,26,40
D1138,SKU_038,27,37
D1139,SKU_038,28,41
D1140,SKU_038,29,41
D1141,SKU_039,0,25
D1142,SKU_039,1,43
D1143,SKU_039,2,28
D1144,SKU_039,3,32
D1145,SKU_039,4,26
D1146,SKU_039,5,28
D1147,SKU_039,6,37
D1148,SKU_039,7,33
D1149,SKU_039,8,37
D1150,SKU_039,9,27
D1151,SKU_039,10,33
D1152,SKU_039,11,34
D1153,SKU_039,12,26
D1154,SKU_039,13,31
D1155,SKU_039,14,28
D1156,SKU_039,15,20
D1157,SKU_039,16,30
D1158,SKU_039,17,33
D1159,SKU_039,18,29
D1160,SKU_039,19,32
D1161,SKU_039,20,38
D1162,SKU_039,21,34
D1163,SKU_039,22,35
D1164,SKU_039,23,32
D1165,SKU_039,24,44
D1166,SKU_039,25,32
D1167,SKU_039,26,39
D1168,SKU_039,27,38
D1169,SKU_039,28,34
D1170,SKU_039,29,21
D1171,SKU_040,0,63
D1172,SKU_040,1,70
D1173,SKU_040,2,80
D1174,SKU_040,3,62
D1175,SKU_040,4,58
D1176,SKU_040,5,73
D1177,SKU_040,6,75
D1178,SKU_040,7,58
D1179,SKU_040,8,48
D1180,SKU_040,9,57
D1181,SKU_040,10,63
D1182,SKU_040,11,79
D1183,SKU_040,12,46
D1184,SKU_040,13,56
D1185,SKU_040,14,68
D1186,SKU_040,15,88
D1187,SKU_040,16,61
D1188,SKU_040,17,53
D1189,SKU_040,18,84
D1190,SKU_040,19,68
D1191,SKU_040,20,50
D1192,SKU_040,21,52
D1193,SKU_040,22,63
D1194,SKU_040,23,68
D1195,SKU_040,24,66
D1196,SKU_040,25,67
D1197,SKU_040,26,61
D1198,SKU_040,27,85
D1199,SKU_040,28,64
D1200,SKU_040,29,71
D1201,SKU_041,0,47
D1202,SKU_041,1,26
D1203,SKU_041,2,38
D1204,SKU_041,3,42
D1205,SKU_041,4,50
D1206,SKU_041,5,43
D1207,SKU_041,6,50
D1208,SKU_041,7,53
D1209,SKU_041,8,38
D1210,SKU_041,9,43
D1211,SKU_041,10,44
D1212,SKU_041,11,60
D1213,SKU_041,12,42
D1214,SKU_041,13,63
D1215,SKU_041,14,44
D1216,SKU_041,15,45
D1217,SKU_041,16,35
D1218,SKU_041,17,31
D1219,SKU_041,18,40
D1220,SKU_041,19,47
D1221,SKU_041,20,36
D1222,SKU_041,21,38
D1223,SKU_041,22,31
D1224,SKU_041,23,38
D1225,SKU_041,24,45
D1226,SKU_041,25,45
D1227,SKU_041,26,52
D1228,SKU_041,27,40
D1229,SKU_041,28,33
D1230,SKU_041,29,45
D1231,SKU_042,0,47
D1232,SKU_042,1,56
D1233,SKU_042,2,45
D1234,SKU_042,3,36
D1235,SKU_042,4,52
D1236,SKU_042,5,59
D1237,SKU_042,6,46
D1238,SKU_042,7,52
D1239,SKU_042,8,46
D1240,SKU_042,9,61
D1241,SKU_042,10,64
D1242,SKU_042,11,48
D1243,SKU_042,12,47
D1244,SKU_042,13,48
D1245,SKU_042,14,54
D1246,SKU_042,15,45
D1247,SKU_042,16,51
D1248,SKU_042,17,43
D1249,SKU_042,18,42
D1250,SKU_042,19,41
D1251,SKU_042,20,44
D1252,SKU_042,21,45
D1253,SKU_042,22,34
D1254,SKU_042,23,55
D1255,SKU_042,24,43
D1256,SKU_042,25,39
D1257,SKU_042,26,48
D1258,SKU_042,27,49
D1259,SKU_042,28,45
D1260,SKU_042,29,51
D1261,SKU_043,0,42
D1262,SKU_043,1,34
D1263,SKU_043,2,33
D1264,SKU_043,3,40
D1265,SKU_043,4,33
D1266,SKU_043,5,37
D1267,SKU_043,6,23
D1268,SKU_043,7,41
D1269,SKU_043,8,31
D1270,SKU_043,9,33
D1271,SKU_043,10,28
D1272,SKU_043,11,27
D1273,SKU_043,12,47
D1274,SKU_043,13,25
D1275,SKU_043,14,28
D1276,SKU_043,15,45
D1277,SKU_043,16,30
D1278,SKU_043,17,30
D1279,SKU_043,18,29
D1280,SKU_043,19,27
D1281,SKU_043,20,41
D1282,SKU_043,21,43
D1283,SKU_043,22,27
D1284,SKU_043,23,40
D1285,SKU_043,24,38
D1286,SKU_043,25,50
D1287,SKU_043,26,44
D1288,SKU_043,27,42
D1289,SKU_043,28,37
D1290,SKU_043,29,53
D1291,SKU_044,0,31
D1292,SKU_044,1,54
D1293,SKU_044,2,51
D1294,SKU_044,3,54
D1295,SKU_044,4,35
D1296,SKU_044,5,35
D1297,SKU_044,6,29
D1298,SKU_044,7,45
D1299,SKU_044,8,29
D1300,SKU_044,9,42
D1301,SKU_044,10,37
D1302,SKU_044,11,27
D1303,SKU_044,12,41
D1304,SKU_044,13,55
D1305,SKU_044,14,35
D1306,SKU_044,15,38
D1307,SKU_044,16,38
D1308,SKU_044,17,34
D1309,SKU_044,18,33
D1310,SKU_044,19,27
D1311,SKU_044,20,40
D1312,SKU_044,21,38
D1313,SKU_044,22,37
D1314,SKU_044,23,32
D1315,SKU_044,24,43
D1316,SKU_044,25,31
D1317,SKU_044,26,45
D1318,SKU_044,27,47
D1319,SKU_044,28,39
D1320,SKU_044,29,42
D1321,SKU_045,0,31
D1322,SKU_045,1,19
D1323,SKU_045,2,32
D1324,SKU_045,3,33
D1325,SKU_045,4,25
D1326,SKU_045,5,30
D1327,SKU_045,6,25
D1328,SKU_045,7,21
D1329,SKU_045,8,17
D1330,SKU_045,9,21
D1331,SKU_045,10,24
D1332,SKU_045,11,21
D1333,SKU_045,12,13
D1334,SKU_045,13,33
D1335,SKU_045,14,29
D1336,SKU_045,15,32
D1337,SKU_045,16,28
D1338,SKU_045,17,20
D1339,SKU_045,18,25
D1340,SKU_045,19,30
D1341,SKU_045,20,23
D1342,SKU_045,21,41
D1343,SKU_045,22,19
D1344,SKU_045,23,23
D1345,SKU_045,24,27
D1346,SKU_045,25,32
D1347,SKU_045,26,34
D1348,SKU_045,27,36
D1349,SKU_045,28,34
D1350,SKU_045,29,27
D1351,SKU_046,0,58
D1352,SKU_046,1,63
D1353,SKU_046,2,60
D1354,SKU_046,3,52
D1355,SKU_046,4,62
D1356,SKU_046,5,59
D1357,SKU_046,6,48
D1358,SKU_046,7,72
D1359,SKU_046,8,69
D1360,SKU_046,9,47
D1361,SKU_046,10,57
D1362,SKU_046,11,63
D1363,SKU_046,12,83
D1364,SKU_046,13,59
D1365,SKU_046,14,46
D1366,SKU_046,15,64
D1367,SKU_046,16,57
D1368,SKU_046,17,55
D1369,SKU_046,18,45
D1370,SKU_046,19,70
D1371,SKU_046,20,65
D1372,SKU_046,21,46
D1373,SKU_046,22,55
D1374,SKU_046,23,57
D1375,SKU_046,24,34
D1376,SKU_046,25,42
D1377,SKU_046,26,45
D1378,SKU_046,27,81
D1379,SKU_046,28,88
D1380,SKU_046,29,74
D1381,SKU_047,0,19
D1382,SKU_047,1,20
D1383,SKU_047,2,18
D1384,SKU_047,3,18
D1385,SKU_047,4,14
D1386,SKU_047,5,21
D1387,SKU_047,6,24
D1388,SKU_047,7,21
D1389,SKU_047,8,23
D1390,SKU_047,9,21
D1391,SKU_047,10,17
D1392,SKU_047,11,22
D1393,SKU_047,12,13
D1394,SKU_047,13,18
D1395,SKU_047,14,17
D1396,SKU_047,15,19
D1397,SKU_047,16,19
D1398,SKU_047,17,19
D1399,SKU_047,18,15
D1400,SKU_047,19,10
D1401,SKU_047,20,17
D1402,SKU_047,21,12
D1403,SKU_047,22,21
D1404,SKU_047,23,19
D1405,SKU_047,24,13
D1406,SKU_047,25,24
D1407,SKU_047,26,30
D1408,SKU_047,27,17
D1409,SKU_047,28,16
D1410,SKU_047,29,11
D1411,SKU_048,0,53
D1412,SKU_048,1,76
D1413,SKU_048,2,61
D1414,SKU_048,3,51
D1415,SKU_048,4,70
D1416,SKU_048,5,77
D1417,SKU_048,6,67
D1418,SKU_048,7,87
D1419,SKU_048,8,53
D1420,SKU_048,9,77
D1421,SKU_048,10,53
D1422,SKU_048,11,49
D1423,SKU_048,12,84
D1424,SKU_048,13,55
D1425,SKU_048,14,50
D1426,SKU_048,15,56
D1427,SKU_048,16,76
D1428,SKU_048,17,62
D1429,SKU_048,18,74
D1430,SKU_048,19,44
D1431,SKU_048,20,74
D1432,SKU_048,21,75
D1433,SKU_048,22,83
D1434,SKU_048,23,80
D1435,SKU_048,24,75
D1436,SKU_048,25,75
D1437,SKU_048,26,61
D1438,SKU_048,27,71
D1439,SKU_048,28,83
D1440,SKU_048,29,47
D1441,SKU_049,0,50
D1442,SKU_049,1,33
D1443,SKU_049,2,55
D1444,SKU_049,3,42
D1445,SKU_049,4,52
D1446,SKU_049,5,42
D1447,SKU_049,6,35
D1448,SKU_049,7,48
D1449,SKU_049,8,44
D1450,SKU_049,9,39
D1451,SKU_049,10,36
D1452,SKU_049,11,46
D1453,SKU_049,12,34
D1454,SKU_049,13,56
D1455,SKU_049,14,49
D1456,SKU_049,15,49
D1457,SKU_049,16,59
D1458,SKU_049,17,52
D1459,SKU_049,18,50
D1460,SKU_049,19,28
D1461,SKU_049,20,36
D1462,SKU_049,21,35
D1463,SKU_049,22,52
D1464,SKU_049,23,44
D1465,SKU_049,24,39
D1466,SKU_049,25,54
D1467,SKU_049,26,23
D1468,SKU_049,27,52
D1469,SKU_049,28,38
D1470,SKU_049,29,52
D1471,SKU_050,0,24
D1472,SKU_050,1,30
D1473,SKU_050,2,29
D1474,SKU_050,3,28
D1475,SKU_050,4,25
D1476,SKU_050,5,30
D1477,SKU_050,6,17
D1478,SKU_050,7,29
D1479,SKU_050,8,20
D1480,SKU_050,9,32
D1481,SKU_050,10,28
D1482,SKU_050,11,38
D1483,SKU_050,12,35
D1484,SKU_050,13,36
D1485,SKU_050,14,29
D1486,SKU_050,15,26
D1487,SKU_050,16,25
D1488,SKU_050,17,37
D1489,SKU_050,18,33
D1490,SKU_050,19,43
D1491,SKU_050,20,34
D1492,SKU_050,21,16
D1493,SKU_050,22,26
D1494,SKU_050,23,26
D1495,SKU_050,24,35
D1496,SKU_050,25,28
D1497,SKU_050,26,30
D1498,SKU_050,27,30
D1499,SKU_050,28,23
D1500,SKU_050,29,29
